{"xs": [0, 1, 2, 3, 4, 5, 6, 7, 8, 9, 10, 11, 12, 13, 14, 15, 16, 17, 18, 19, 20, 21, 22, 23, 24, 25, 26, 27, 28, 29, 30, 31, 32, 33, 34, 35, 36, 37, 38, 39, 40, 41, 42, 43, 44, 45, 46, 47, 48, 49], "ys": [-2.6537665194537885, -3.3688115274524213, 5.3828923282164896, -0.01099594561680206, 14.02110960793041, 8.41510128179046, 4.051640318675678, 4.852575649624973, 8.266817635787993, 9.72780690114437, 6.953358737387724, 9.976682110020466, 14.501441479287724, 11.334647200783476, 8.627941960229549, 19.773127821845573, 17.205194246788867, 21.22341334620532, 15.403883588911803, 25.01553278241255, 19.408052436403757, 26.00086510925116, 23.67315066230575, 23.738518703994256, 28.42671042986059, 24.641381446169934, 24.835261751757656, 26.944618606703063, 28.071335072891213, 29.935909390648103, 30.254142593131398, 23.502547500216146, 32.214834821958895, 34.99060549269089, 34.40176567621215, 38.15032800681442, 37.641062754407216, 42.97629609790385, 37.07501787977746, 40.63832773112488, 39.25158940837998, 40.630289235390194, 37.59240546263635, 40.94567909393578, 42.812888258149044, 49.70340369232096, 42.88370854495905, 44.00592761574275, 44.76418933471281, 49.957069741818295]}
