{"species":{"0":"setosa","1":"versicolor","2":"virginica"},"sepalWidth-min":{"0":2.3,"1":2.0,"2":2.2},"sepalWidth-max":{"0":4.4,"1":3.4,"2":3.8},"sepalWidth-mean":{"0":3.428,"1":2.77,"2":2.974},"sepalWidth-std":{"0":0.3790643691,"1":0.3137983234,"2":0.3224966382},"sepalWidth-count":{"0":50,"1":50,"2":50}}