{"Year":{"0":0,"1":31536000000,"2":63072000000,"3":94694400000,"4":126230400000,"5":157766400000,"6":189302400000,"7":220924800000,"8":252460800000,"9":283996800000,"10":315532800000,"11":378691200000},"Horsepower-min":{"0":46.0,"1":48.0,"2":54.0,"3":46.0,"4":52.0,"5":53.0,"6":52.0,"7":58.0,"8":48.0,"9":65.0,"10":48.0,"11":52.0},"Horsepower-max":{"0":225.0,"1":180.0,"2":208.0,"3":230.0,"4":150.0,"5":170.0,"6":180.0,"7":190.0,"8":165.0,"9":155.0,"10":132.0,"11":120.0},"Horsepower-mean":{"0":148.8571428571,"1":104.9285714286,"2":120.1785714286,"3":130.475,"4":94.2307692308,"5":101.0666666667,"6":101.1176470588,"7":105.0714285714,"8":99.6944444444,"9":101.2068965517,"10":77.4814814815,"11":81.7457627119},"Horsepower-std":{"0":49.6304833137,"1":39.4554869408,"2":41.1213683043,"3":46.4123035743,"4":29.6867750924,"5":26.5770621003,"6":32.4305922781,"7":36.095478912,"8":28.4362137769,"9":28.4559550764,"10":18.1730365998,"11":15.9704395253},"Horsepower-count":{"0":35,"1":28,"2":28,"3":40,"4":26,"5":30,"6":34,"7":28,"8":36,"9":29,"10":27,"11":59}}